0, 0, 0, 0, 0, 0, 0.1
-0.350414, 0.163761, 0.243474, -0.134233, -1.29024, 0.364113, 3.1
-0.350306, 0.163701, 0.243403, -0.134194, -1.29021, 0.364004, 3.12
-0.350199, 0.16364, 0.243333, -0.134155, -1.29019, 0.363895, 3.14
-0.350092, 0.163579, 0.243263, -0.134117, -1.29016, 0.363787, 3.16
-0.349985, 0.163519, 0.243192, -0.134078, -1.29014, 0.363678, 3.18
-0.349878, 0.163458, 0.243122, -0.134039, -1.29012, 0.363569, 3.2
-0.349771, 0.163397, 0.243051, -0.134001, -1.29009, 0.36346, 3.22
-0.349664, 0.163337, 0.242981, -0.133962, -1.29007, 0.363351, 3.24
-0.349557, 0.163276, 0.242911, -0.133923, -1.29004, 0.363243, 3.26
-0.349449, 0.163216, 0.242841, -0.133885, -1.29002, 0.363134, 3.28
-0.349342, 0.163155, 0.24277, -0.133846, -1.29, 0.363025, 3.3
-0.349235, 0.163095, 0.2427, -0.133807, -1.28997, 0.362916, 3.32
-0.349128, 0.163034, 0.24263, -0.133769, -1.28995, 0.362807, 3.34
-0.349021, 0.162974, 0.24256, -0.13373, -1.28992, 0.362698, 3.36
-0.348914, 0.162913, 0.24249, -0.133691, -1.2899, 0.36259, 3.38
-0.348806, 0.162853, 0.24242, -0.133653, -1.28988, 0.362481, 3.4
-0.348699, 0.162792, 0.24235, -0.133614, -1.28985, 0.362372, 3.42
-0.348592, 0.162732, 0.24228, -0.133575, -1.28983, 0.362263, 3.44
-0.348485, 0.162672, 0.24221, -0.133536, -1.28981, 0.362154, 3.46
-0.348378, 0.162611, 0.24214, -0.133498, -1.28978, 0.362045, 3.48
-0.34827, 0.162551, 0.24207, -0.133459, -1.28976, 0.361936, 3.5
-0.348163, 0.162491, 0.242, -0.13342, -1.28973, 0.361827, 3.52
-0.348056, 0.162431, 0.24193, -0.133381, -1.28971, 0.361718, 3.54
-0.347949, 0.16237, 0.24186, -0.133343, -1.28969, 0.361609, 3.56
-0.347841, 0.16231, 0.24179, -0.133304, -1.28966, 0.3615, 3.58
-0.347734, 0.16225, 0.24172, -0.133265, -1.28964, 0.361391, 3.6
-0.347627, 0.16219, 0.241651, -0.133226, -1.28962, 0.361282, 3.62
-0.347519, 0.16213, 0.241581, -0.133188, -1.28959, 0.361173, 3.64
-0.347412, 0.162069, 0.241511, -0.133149, -1.28957, 0.361064, 3.66
-0.347305, 0.162009, 0.241441, -0.13311, -1.28954, 0.360955, 3.68
-0.347197, 0.161949, 0.241372, -0.133071, -1.28952, 0.360846, 3.7
-0.34709, 0.161889, 0.241302, -0.133033, -1.2895, 0.360737, 3.72
-0.346983, 0.161829, 0.241233, -0.132994, -1.28947, 0.360628, 3.74
-0.346875, 0.161769, 0.241163, -0.132955, -1.28945, 0.360519, 3.76
-0.346768, 0.161709, 0.241093, -0.132916, -1.28943, 0.36041, 3.78
-0.346661, 0.161649, 0.241024, -0.132877, -1.2894, 0.360301, 3.8
-0.346553, 0.161589, 0.240954, -0.132838, -1.28938, 0.360191, 3.82
-0.346446, 0.161529, 0.240885, -0.1328, -1.28936, 0.360082, 3.84
-0.346339, 0.161469, 0.240815, -0.132761, -1.28933, 0.359973, 3.86
-0.346231, 0.161409, 0.240746, -0.132722, -1.28931, 0.359864, 3.88
-0.346124, 0.161349, 0.240676, -0.132683, -1.28928, 0.359755, 3.9
-0.346016, 0.161289, 0.240607, -0.132644, -1.28926, 0.359646, 3.92
-0.345909, 0.161229, 0.240538, -0.132605, -1.28924, 0.359536, 3.94
-0.345801, 0.16117, 0.240468, -0.132567, -1.28921, 0.359427, 3.96
-0.345694, 0.16111, 0.240399, -0.132528, -1.28919, 0.359318, 3.98
-0.345587, 0.16105, 0.24033, -0.132489, -1.28917, 0.359209, 4
-0.345479, 0.16099, 0.240261, -0.13245, -1.28914, 0.3591, 4.02
-0.345372, 0.16093, 0.240191, -0.132411, -1.28912, 0.35899, 4.04
-0.345264, 0.160871, 0.240122, -0.132372, -1.2891, 0.358881, 4.06
-0.345157, 0.160811, 0.240053, -0.132333, -1.28907, 0.358772, 4.08
-0.345049, 0.160751, 0.239984, -0.132294, -1.28905, 0.358662, 4.1
-0.344942, 0.160691, 0.239915, -0.132256, -1.28903, 0.358553, 4.12
-0.344834, 0.160632, 0.239846, -0.132217, -1.289, 0.358444, 4.14
-0.344727, 0.160572, 0.239777, -0.132178, -1.28898, 0.358335, 4.16
-0.344619, 0.160513, 0.239708, -0.132139, -1.28896, 0.358225, 4.18
-0.344512, 0.160453, 0.239639, -0.1321, -1.28893, 0.358116, 4.2
-0.344404, 0.160393, 0.23957, -0.132061, -1.28891, 0.358007, 4.22
-0.344296, 0.160334, 0.239501, -0.132022, -1.28889, 0.357897, 4.24
-0.344189, 0.160274, 0.239432, -0.131983, -1.28886, 0.357788, 4.26
-0.344081, 0.160215, 0.239363, -0.131944, -1.28884, 0.357678, 4.28
-0.343974, 0.160155, 0.239294, -0.131905, -1.28882, 0.357569, 4.3
-0.343866, 0.160096, 0.239225, -0.131866, -1.28879, 0.35746, 4.32
-0.343759, 0.160036, 0.239156, -0.131827, -1.28877, 0.35735, 4.34
-0.343651, 0.159977, 0.239087, -0.131788, -1.28875, 0.357241, 4.36
-0.343543, 0.159917, 0.239019, -0.131749, -1.28872, 0.357131, 4.38
-0.343436, 0.159858, 0.23895, -0.13171, -1.2887, 0.357022, 4.4
-0.343328, 0.159799, 0.238881, -0.131671, -1.28868, 0.356912, 4.42
-0.343221, 0.159739, 0.238813, -0.131633, -1.28865, 0.356803, 4.44
-0.343113, 0.15968, 0.238744, -0.131594, -1.28863, 0.356694, 4.46
-0.343005, 0.159621, 0.238675, -0.131555, -1.28861, 0.356584, 4.48
-0.342898, 0.159561, 0.238607, -0.131516, -1.28858, 0.356475, 4.5
-0.34279, 0.159502, 0.238538, -0.131477, -1.28856, 0.356365, 4.52
-0.342682, 0.159443, 0.23847, -0.131438, -1.28854, 0.356255, 4.54
-0.342575, 0.159383, 0.238401, -0.131399, -1.28851, 0.356146, 4.56
-0.342467, 0.159324, 0.238332, -0.13136, -1.28849, 0.356036, 4.58
-0.342359, 0.159265, 0.238264, -0.13132, -1.28847, 0.355927, 4.6
-0.342251, 0.159206, 0.238196, -0.131281, -1.28844, 0.355817, 4.62
-0.342144, 0.159147, 0.238127, -0.131242, -1.28842, 0.355708, 4.64
-0.342036, 0.159087, 0.238059, -0.131203, -1.2884, 0.355598, 4.66
-0.341928, 0.159028, 0.23799, -0.131164, -1.28837, 0.355488, 4.68
-0.341821, 0.158969, 0.237922, -0.131125, -1.28835, 0.355379, 4.7
-0.341713, 0.15891, 0.237854, -0.131086, -1.28833, 0.355269, 4.72
-0.341605, 0.158851, 0.237785, -0.131047, -1.2883, 0.35516, 4.74
-0.341497, 0.158792, 0.237717, -0.131008, -1.28828, 0.35505, 4.76
-0.34139, 0.158733, 0.237649, -0.130969, -1.28826, 0.35494, 4.78
-0.341282, 0.158674, 0.237581, -0.13093, -1.28823, 0.354831, 4.8
-0.341174, 0.158615, 0.237513, -0.130891, -1.28821, 0.354721, 4.82
-0.341066, 0.158556, 0.237444, -0.130852, -1.28819, 0.354611, 4.84
-0.340958, 0.158497, 0.237376, -0.130813, -1.28816, 0.354501, 4.86
-0.340851, 0.158438, 0.237308, -0.130774, -1.28814, 0.354392, 4.88
-0.340743, 0.158379, 0.23724, -0.130735, -1.28812, 0.354282, 4.9
-0.340635, 0.15832, 0.237172, -0.130695, -1.28809, 0.354172, 4.92
-0.340527, 0.158262, 0.237104, -0.130656, -1.28807, 0.354063, 4.94
-0.340419, 0.158203, 0.237036, -0.130617, -1.28805, 0.353953, 4.96
-0.340311, 0.158144, 0.236968, -0.130578, -1.28803, 0.353843, 4.98
-0.340203, 0.158085, 0.2369, -0.130539, -1.288, 0.353733, 5
-0.340096, 0.158026, 0.236832, -0.1305, -1.28798, 0.353623, 5.02
-0.339988, 0.157968, 0.236764, -0.130461, -1.28796, 0.353514, 5.04
-0.33988, 0.157909, 0.236697, -0.130422, -1.28793, 0.353404, 5.06
-0.339772, 0.15785, 0.236629, -0.130382, -1.28791, 0.353294, 5.08
-0.339664, 0.157791, 0.236561, -0.130343, -1.28789, 0.353184, 5.1
-0.339556, 0.157733, 0.236493, -0.130304, -1.28786, 0.353074, 5.12
-0.339448, 0.157674, 0.236425, -0.130265, -1.28784, 0.352964, 5.14
-0.33934, 0.157615, 0.236358, -0.130226, -1.28782, 0.352855, 5.16
-0.339232, 0.157557, 0.23629, -0.130187, -1.2878, 0.352745, 5.18
-0.339124, 0.157498, 0.236222, -0.130147, -1.28777, 0.352635, 5.2
-0.339016, 0.15744, 0.236155, -0.130108, -1.28775, 0.352525, 5.22
-0.338908, 0.157381, 0.236087, -0.130069, -1.28773, 0.352415, 5.24
-0.3388, 0.157322, 0.236019, -0.13003, -1.2877, 0.352305, 5.26
-0.338693, 0.157264, 0.235952, -0.129991, -1.28768, 0.352195, 5.28
-0.338585, 0.157205, 0.235884, -0.129951, -1.28766, 0.352085, 5.3
-0.338477, 0.157147, 0.235817, -0.129912, -1.28763, 0.351975, 5.32
-0.338369, 0.157088, 0.235749, -0.129873, -1.28761, 0.351865, 5.34
-0.338261, 0.15703, 0.235682, -0.129834, -1.28759, 0.351755, 5.36
-0.338152, 0.156972, 0.235614, -0.129795, -1.28757, 0.351645, 5.38
-0.338044, 0.156913, 0.235547, -0.129755, -1.28754, 0.351535, 5.4
-0.337936, 0.156855, 0.23548, -0.129716, -1.28752, 0.351425, 5.42
-0.337828, 0.156796, 0.235412, -0.129677, -1.2875, 0.351315, 5.44
-0.33772, 0.156738, 0.235345, -0.129638, -1.28747, 0.351205, 5.46
-0.337612, 0.15668, 0.235278, -0.129598, -1.28745, 0.351095, 5.48
-0.337504, 0.156622, 0.23521, -0.129559, -1.28743, 0.350985, 5.5
-0.337396, 0.156563, 0.235143, -0.12952, -1.28741, 0.350875, 5.52
-0.337288, 0.156505, 0.235076, -0.129481, -1.28738, 0.350765, 5.54
-0.33718, 0.156447, 0.235009, -0.129441, -1.28736, 0.350655, 5.56
-0.337072, 0.156389, 0.234941, -0.129402, -1.28734, 0.350545, 5.58
-0.336964, 0.15633, 0.234874, -0.129363, -1.28732, 0.350435, 5.6
-0.336856, 0.156272, 0.234807, -0.129323, -1.28729, 0.350324, 5.62
-0.336747, 0.156214, 0.23474, -0.129284, -1.28727, 0.350214, 5.64
-0.336639, 0.156156, 0.234673, -0.129245, -1.28725, 0.350104, 5.66
-0.336531, 0.156098, 0.234606, -0.129206, -1.28722, 0.349994, 5.68
-0.336423, 0.15604, 0.234539, -0.129166, -1.2872, 0.349884, 5.7
-0.336315, 0.155982, 0.234472, -0.129127, -1.28718, 0.349774, 5.72
-0.336207, 0.155923, 0.234405, -0.129088, -1.28716, 0.349663, 5.74
-0.336099, 0.155865, 0.234338, -0.129048, -1.28713, 0.349553, 5.76
-0.33599, 0.155807, 0.234271, -0.129009, -1.28711, 0.349443, 5.78
-0.335882, 0.155749, 0.234204, -0.12897, -1.28709, 0.349333, 5.8
-0.335774, 0.155691, 0.234138, -0.12893, -1.28707, 0.349223, 5.82
-0.335666, 0.155633, 0.234071, -0.128891, -1.28704, 0.349112, 5.84
-0.335558, 0.155576, 0.234004, -0.128852, -1.28702, 0.349002, 5.86
-0.335449, 0.155518, 0.233937, -0.128812, -1.287, 0.348892, 5.88
-0.335341, 0.15546, 0.23387, -0.128773, -1.28697, 0.348781, 5.9
-0.335233, 0.155402, 0.233804, -0.128734, -1.28695, 0.348671, 5.92
-0.335125, 0.155344, 0.233737, -0.128694, -1.28693, 0.348561, 5.94
-0.335016, 0.155286, 0.23367, -0.128655, -1.28691, 0.348451, 5.96
-0.334908, 0.155228, 0.233604, -0.128615, -1.28688, 0.34834, 5.98
-0.3348, 0.155171, 0.233537, -0.128576, -1.28686, 0.34823, 6
-0.334692, 0.155113, 0.23347, -0.128537, -1.28684, 0.34812, 6.02
-0.334583, 0.155055, 0.233404, -0.128497, -1.28682, 0.348009, 6.04
-0.334475, 0.154997, 0.233337, -0.128458, -1.28679, 0.347899, 6.06
-0.334367, 0.15494, 0.233271, -0.128418, -1.28677, 0.347788, 6.08
-0.334258, 0.154882, 0.233204, -0.128379, -1.28675, 0.347678, 6.1
-0.33415, 0.154824, 0.233138, -0.12834, -1.28673, 0.347568, 6.12
-0.334042, 0.154766, 0.233072, -0.1283, -1.2867, 0.347457, 6.14
-0.333933, 0.154709, 0.233005, -0.128261, -1.28668, 0.347347, 6.16
-0.333825, 0.154651, 0.232939, -0.128221, -1.28666, 0.347236, 6.18
-0.333717, 0.154594, 0.232872, -0.128182, -1.28664, 0.347126, 6.2
-0.333608, 0.154536, 0.232806, -0.128142, -1.28661, 0.347015, 6.22
-0.3335, 0.154478, 0.23274, -0.128103, -1.28659, 0.346905, 6.24
-0.333392, 0.154421, 0.232673, -0.128064, -1.28657, 0.346794, 6.26
-0.333283, 0.154363, 0.232607, -0.128024, -1.28655, 0.346684, 6.28
-0.333175, 0.154306, 0.232541, -0.127985, -1.28652, 0.346573, 6.3
-0.333066, 0.154248, 0.232475, -0.127945, -1.2865, 0.346463, 6.32
-0.332958, 0.154191, 0.232409, -0.127906, -1.28648, 0.346352, 6.34
-0.332849, 0.154134, 0.232343, -0.127866, -1.28646, 0.346242, 6.36
-0.332741, 0.154076, 0.232276, -0.127827, -1.28643, 0.346131, 6.38
-0.332633, 0.154019, 0.23221, -0.127787, -1.28641, 0.346021, 6.4
-0.332524, 0.153961, 0.232144, -0.127748, -1.28639, 0.34591, 6.42
-0.332416, 0.153904, 0.232078, -0.127708, -1.28637, 0.3458, 6.44
-0.332307, 0.153847, 0.232012, -0.127669, -1.28634, 0.345689, 6.46
-0.332199, 0.153789, 0.231946, -0.127629, -1.28632, 0.345578, 6.48
-0.33209, 0.153732, 0.23188, -0.12759, -1.2863, 0.345468, 6.5
-0.331982, 0.153675, 0.231814, -0.12755, -1.28628, 0.345357, 6.52
-0.331873, 0.153618, 0.231748, -0.127511, -1.28626, 0.345247, 6.54
-0.331765, 0.15356, 0.231683, -0.127471, -1.28623, 0.345136, 6.56
-0.331656, 0.153503, 0.231617, -0.127432, -1.28621, 0.345025, 6.58
-0.331548, 0.153446, 0.231551, -0.127392, -1.28619, 0.344915, 6.6
-0.331439, 0.153389, 0.231485, -0.127353, -1.28617, 0.344804, 6.62
-0.331331, 0.153332, 0.231419, -0.127313, -1.28614, 0.344693, 6.64
-0.331222, 0.153274, 0.231354, -0.127273, -1.28612, 0.344583, 6.66
-0.331114, 0.153217, 0.231288, -0.127234, -1.2861, 0.344472, 6.68
-0.331005, 0.15316, 0.231222, -0.127194, -1.28608, 0.344361, 6.7
-0.330897, 0.153103, 0.231157, -0.127155, -1.28605, 0.34425, 6.72
-0.330788, 0.153046, 0.231091, -0.127115, -1.28603, 0.34414, 6.74
-0.330679, 0.152989, 0.231025, -0.127076, -1.28601, 0.344029, 6.76
-0.330571, 0.152932, 0.23096, -0.127036, -1.28599, 0.343918, 6.78
-0.330462, 0.152875, 0.230894, -0.126996, -1.28597, 0.343807, 6.8
-0.330354, 0.152818, 0.230829, -0.126957, -1.28594, 0.343697, 6.82
-0.330245, 0.152761, 0.230763, -0.126917, -1.28592, 0.343586, 6.84
-0.330136, 0.152704, 0.230698, -0.126878, -1.2859, 0.343475, 6.86
-0.330028, 0.152647, 0.230632, -0.126838, -1.28588, 0.343364, 6.88
-0.329919, 0.15259, 0.230567, -0.126798, -1.28586, 0.343253, 6.9
-0.32981, 0.152533, 0.230501, -0.126759, -1.28583, 0.343143, 6.92
-0.329702, 0.152477, 0.230436, -0.126719, -1.28581, 0.343032, 6.94
-0.329593, 0.15242, 0.230371, -0.12668, -1.28579, 0.342921, 6.96
-0.329484, 0.152363, 0.230305, -0.12664, -1.28577, 0.34281, 6.98
-0.329376, 0.152306, 0.23024, -0.1266, -1.28574, 0.342699, 7
-0.329267, 0.152249, 0.230175, -0.126561, -1.28572, 0.342588, 7.02
-0.329158, 0.152193, 0.230109, -0.126521, -1.2857, 0.342477, 7.04
-0.32905, 0.152136, 0.230044, -0.126481, -1.28568, 0.342366, 7.06
-0.328941, 0.152079, 0.229979, -0.126442, -1.28566, 0.342255, 7.08
-0.328832, 0.152022, 0.229914, -0.126402, -1.28563, 0.342144, 7.1
-0.328724, 0.151966, 0.229849, -0.126362, -1.28561, 0.342034, 7.12
-0.328615, 0.151909, 0.229784, -0.126323, -1.28559, 0.341923, 7.14
-0.328506, 0.151852, 0.229719, -0.126283, -1.28557, 0.341812, 7.16
-0.328397, 0.151796, 0.229653, -0.126243, -1.28555, 0.341701, 7.18
-0.328289, 0.151739, 0.229588, -0.126204, -1.28552, 0.34159, 7.2
-0.32818, 0.151683, 0.229523, -0.126164, -1.2855, 0.341479, 7.22
-0.328071, 0.151626, 0.229458, -0.126124, -1.28548, 0.341368, 7.24
-0.327962, 0.15157, 0.229394, -0.126084, -1.28546, 0.341257, 7.26
-0.327853, 0.151513, 0.229329, -0.126045, -1.28544, 0.341146, 7.28
-0.327745, 0.151457, 0.229264, -0.126005, -1.28541, 0.341035, 7.3
-0.327636, 0.1514, 0.229199, -0.125965, -1.28539, 0.340923, 7.32
-0.327527, 0.151344, 0.229134, -0.125926, -1.28537, 0.340812, 7.34
-0.327418, 0.151287, 0.229069, -0.125886, -1.28535, 0.340701, 7.36
-0.327309, 0.151231, 0.229004, -0.125846, -1.28533, 0.34059, 7.38
-0.3272, 0.151174, 0.22894, -0.125806, -1.2853, 0.340479, 7.4
-0.327092, 0.151118, 0.228875, -0.125767, -1.28528, 0.340368, 7.42
-0.326983, 0.151062, 0.22881, -0.125727, -1.28526, 0.340257, 7.44
-0.326874, 0.151005, 0.228745, -0.125687, -1.28524, 0.340146, 7.46
-0.326765, 0.150949, 0.228681, -0.125647, -1.28522, 0.340035, 7.48
-0.326656, 0.150893, 0.228616, -0.125608, -1.28519, 0.339923, 7.5
-0.326547, 0.150836, 0.228551, -0.125568, -1.28517, 0.339812, 7.52
-0.326438, 0.15078, 0.228487, -0.125528, -1.28515, 0.339701, 7.54
-0.326329, 0.150724, 0.228422, -0.125488, -1.28513, 0.33959, 7.56
-0.326221, 0.150668, 0.228358, -0.125448, -1.28511, 0.339479, 7.58
-0.326112, 0.150612, 0.228293, -0.125409, -1.28509, 0.339368, 7.6
-0.326003, 0.150555, 0.228229, -0.125369, -1.28506, 0.339256, 7.62
-0.325894, 0.150499, 0.228164, -0.125329, -1.28504, 0.339145, 7.64
-0.325785, 0.150443, 0.2281, -0.125289, -1.28502, 0.339034, 7.66
-0.325676, 0.150387, 0.228035, -0.125249, -1.285, 0.338923, 7.68
-0.325567, 0.150331, 0.227971, -0.12521, -1.28498, 0.338811, 7.7
-0.325458, 0.150275, 0.227907, -0.12517, -1.28495, 0.3387, 7.72
-0.325349, 0.150219, 0.227842, -0.12513, -1.28493, 0.338589, 7.74
-0.32524, 0.150163, 0.227778, -0.12509, -1.28491, 0.338478, 7.76
-0.325131, 0.150107, 0.227714, -0.12505, -1.28489, 0.338366, 7.78
-0.325022, 0.150051, 0.22765, -0.12501, -1.28487, 0.338255, 7.8
-0.324913, 0.149995, 0.227585, -0.124971, -1.28485, 0.338144, 7.82
-0.324804, 0.149939, 0.227521, -0.124931, -1.28482, 0.338032, 7.84
-0.324695, 0.149883, 0.227457, -0.124891, -1.2848, 0.337921, 7.86
-0.324586, 0.149827, 0.227393, -0.124851, -1.28478, 0.33781, 7.88
-0.324477, 0.149771, 0.227329, -0.124811, -1.28476, 0.337698, 7.9
-0.324368, 0.149715, 0.227265, -0.124771, -1.28474, 0.337587, 7.92
-0.324259, 0.149659, 0.227201, -0.124731, -1.28472, 0.337475, 7.94
-0.32415, 0.149603, 0.227136, -0.124691, -1.28469, 0.337364, 7.96
-0.324041, 0.149548, 0.227072, -0.124652, -1.28467, 0.337253, 7.98
-0.323932, 0.149492, 0.227008, -0.124612, -1.28465, 0.337141, 8
-0.323822, 0.149436, 0.226945, -0.124572, -1.28463, 0.33703, 8.02
-0.323713, 0.14938, 0.226881, -0.124532, -1.28461, 0.336918, 8.04
-0.323604, 0.149325, 0.226817, -0.124492, -1.28459, 0.336807, 8.06
-0.323495, 0.149269, 0.226753, -0.124452, -1.28456, 0.336695, 8.08
-0.323386, 0.149213, 0.226689, -0.124412, -1.28454, 0.336584, 8.1
-0.323277, 0.149158, 0.226625, -0.124372, -1.28452, 0.336472, 8.12
-0.323168, 0.149102, 0.226561, -0.124332, -1.2845, 0.336361, 8.14
-0.323059, 0.149046, 0.226497, -0.124292, -1.28448, 0.336249, 8.16
-0.322949, 0.148991, 0.226434, -0.124252, -1.28446, 0.336138, 8.18
-0.32284, 0.148935, 0.22637, -0.124212, -1.28443, 0.336026, 8.2
-0.322731, 0.148879, 0.226306, -0.124172, -1.28441, 0.335915, 8.22
-0.322622, 0.148824, 0.226243, -0.124133, -1.28439, 0.335803, 8.24
-0.322513, 0.148768, 0.226179, -0.124093, -1.28437, 0.335692, 8.26
-0.322404, 0.148713, 0.226115, -0.124053, -1.28435, 0.33558, 8.28
-0.322294, 0.148657, 0.226052, -0.124013, -1.28433, 0.335469, 8.3
-0.322185, 0.148602, 0.225988, -0.123973, -1.28431, 0.335357, 8.32
-0.322076, 0.148546, 0.225925, -0.123933, -1.28428, 0.335245, 8.34
-0.321967, 0.148491, 0.225861, -0.123893, -1.28426, 0.335134, 8.36
-0.321857, 0.148436, 0.225798, -0.123853, -1.28424, 0.335022, 8.38
-0.321748, 0.14838, 0.225734, -0.123813, -1.28422, 0.33491, 8.4
-0.321639, 0.148325, 0.225671, -0.123773, -1.2842, 0.334799, 8.42
-0.32153, 0.148269, 0.225607, -0.123733, -1.28418, 0.334687, 8.44
-0.32142, 0.148214, 0.225544, -0.123693, -1.28416, 0.334576, 8.46
-0.321311, 0.148159, 0.22548, -0.123653, -1.28413, 0.334464, 8.48
-0.321202, 0.148104, 0.225417, -0.123613, -1.28411, 0.334352, 8.5
-0.321093, 0.148048, 0.225354, -0.123573, -1.28409, 0.33424, 8.52
-0.320983, 0.147993, 0.225291, -0.123533, -1.28407, 0.334129, 8.54
-0.320874, 0.147938, 0.225227, -0.123493, -1.28405, 0.334017, 8.56
-0.320765, 0.147883, 0.225164, -0.123452, -1.28403, 0.333905, 8.58
-0.320655, 0.147827, 0.225101, -0.123412, -1.28401, 0.333794, 8.6
-0.320546, 0.147772, 0.225038, -0.123372, -1.28398, 0.333682, 8.62
-0.320437, 0.147717, 0.224974, -0.123332, -1.28396, 0.33357, 8.64
-0.320327, 0.147662, 0.224911, -0.123292, -1.28394, 0.333458, 8.66
-0.320218, 0.147607, 0.224848, -0.123252, -1.28392, 0.333346, 8.68
-0.320109, 0.147552, 0.224785, -0.123212, -1.2839, 0.333235, 8.7
-0.319999, 0.147497, 0.224722, -0.123172, -1.28388, 0.333123, 8.72
-0.31989, 0.147442, 0.224659, -0.123132, -1.28386, 0.333011, 8.74
-0.319781, 0.147387, 0.224596, -0.123092, -1.28383, 0.332899, 8.76
-0.319671, 0.147332, 0.224533, -0.123052, -1.28381, 0.332787, 8.78
-0.319562, 0.147277, 0.22447, -0.123012, -1.28379, 0.332676, 8.8
-0.319452, 0.147222, 0.224407, -0.122972, -1.28377, 0.332564, 8.82
-0.319343, 0.147167, 0.224344, -0.122931, -1.28375, 0.332452, 8.84
-0.319233, 0.147112, 0.224281, -0.122891, -1.28373, 0.33234, 8.86
-0.319124, 0.147057, 0.224219, -0.122851, -1.28371, 0.332228, 8.88
-0.319015, 0.147002, 0.224156, -0.122811, -1.28369, 0.332116, 8.9
-0.318905, 0.146947, 0.224093, -0.122771, -1.28366, 0.332004, 8.92
-0.318796, 0.146892, 0.22403, -0.122731, -1.28364, 0.331892, 8.94
-0.318686, 0.146837, 0.223967, -0.122691, -1.28362, 0.33178, 8.96
-0.318577, 0.146782, 0.223905, -0.122651, -1.2836, 0.331668, 8.98
-0.318467, 0.146728, 0.223842, -0.12261, -1.28358, 0.331557, 9
-0.318358, 0.146673, 0.223779, -0.12257, -1.28356, 0.331445, 9.02
-0.318248, 0.146618, 0.223717, -0.12253, -1.28354, 0.331333, 9.04
-0.318139, 0.146563, 0.223654, -0.12249, -1.28352, 0.331221, 9.06
-0.318029, 0.146509, 0.223592, -0.12245, -1.28349, 0.331109, 9.08
-0.31792, 0.146454, 0.223529, -0.12241, -1.28347, 0.330997, 9.1
-0.31781, 0.146399, 0.223466, -0.122369, -1.28345, 0.330885, 9.12
-0.317701, 0.146345, 0.223404, -0.122329, -1.28343, 0.330773, 9.14
-0.317591, 0.14629, 0.223341, -0.122289, -1.28341, 0.330661, 9.16
-0.317482, 0.146235, 0.223279, -0.122249, -1.28339, 0.330548, 9.18
-0.317372, 0.146181, 0.223217, -0.122209, -1.28337, 0.330436, 9.2
-0.317263, 0.146126, 0.223154, -0.122168, -1.28335, 0.330324, 9.22
-0.317153, 0.146072, 0.223092, -0.122128, -1.28333, 0.330212, 9.24
-0.317043, 0.146017, 0.223029, -0.122088, -1.2833, 0.3301, 9.26
-0.316934, 0.145963, 0.222967, -0.122048, -1.28328, 0.329988, 9.28
-0.316824, 0.145908, 0.222905, -0.122008, -1.28326, 0.329876, 9.3
-0.316715, 0.145854, 0.222842, -0.121967, -1.28324, 0.329764, 9.32
-0.316605, 0.145799, 0.22278, -0.121927, -1.28322, 0.329652, 9.34
-0.316495, 0.145745, 0.222718, -0.121887, -1.2832, 0.32954, 9.36
-0.316386, 0.14569, 0.222656, -0.121847, -1.28318, 0.329427, 9.38
-0.316276, 0.145636, 0.222594, -0.121806, -1.28316, 0.329315, 9.4
-0.316166, 0.145582, 0.222531, -0.121766, -1.28314, 0.329203, 9.42
-0.316057, 0.145527, 0.222469, -0.121726, -1.28312, 0.329091, 9.44
-0.315947, 0.145473, 0.222407, -0.121686, -1.28309, 0.328979, 9.46
-0.315837, 0.145419, 0.222345, -0.121645, -1.28307, 0.328866, 9.48
-0.315728, 0.145364, 0.222283, -0.121605, -1.28305, 0.328754, 9.5
-0.315618, 0.14531, 0.222221, -0.121565, -1.28303, 0.328642, 9.52
-0.315508, 0.145256, 0.222159, -0.121525, -1.28301, 0.32853, 9.54
-0.315399, 0.145202, 0.222097, -0.121484, -1.28299, 0.328418, 9.56
-0.315289, 0.145147, 0.222035, -0.121444, -1.28297, 0.328305, 9.58
-0.315179, 0.145093, 0.221973, -0.121404, -1.28295, 0.328193, 9.6
-0.31507, 0.145039, 0.221911, -0.121363, -1.28293, 0.328081, 9.62
-0.31496, 0.144985, 0.221849, -0.121323, -1.28291, 0.327968, 9.64
-0.31485, 0.144931, 0.221788, -0.121283, -1.28289, 0.327856, 9.66
-0.31474, 0.144877, 0.221726, -0.121242, -1.28286, 0.327744, 9.68
-0.314631, 0.144823, 0.221664, -0.121202, -1.28284, 0.327632, 9.7
-0.314521, 0.144768, 0.221602, -0.121162, -1.28282, 0.327519, 9.72
-0.314411, 0.144714, 0.221541, -0.121121, -1.2828, 0.327407, 9.74
-0.314301, 0.14466, 0.221479, -0.121081, -1.28278, 0.327295, 9.76
-0.314191, 0.144606, 0.221417, -0.121041, -1.28276, 0.327182, 9.78
-0.314082, 0.144552, 0.221355, -0.121, -1.28274, 0.32707, 9.8
-0.313972, 0.144498, 0.221294, -0.12096, -1.28272, 0.326957, 9.82
-0.313862, 0.144444, 0.221232, -0.12092, -1.2827, 0.326845, 9.84
-0.313752, 0.144391, 0.221171, -0.120879, -1.28268, 0.326733, 9.86
-0.313642, 0.144337, 0.221109, -0.120839, -1.28266, 0.32662, 9.88
-0.313533, 0.144283, 0.221048, -0.120799, -1.28264, 0.326508, 9.9
-0.313423, 0.144229, 0.220986, -0.120758, -1.28261, 0.326395, 9.92
-0.313313, 0.144175, 0.220925, -0.120718, -1.28259, 0.326283, 9.94
-0.313203, 0.144121, 0.220863, -0.120677, -1.28257, 0.32617, 9.96
-0.313093, 0.144067, 0.220802, -0.120637, -1.28255, 0.326058, 9.98
-0.312983, 0.144014, 0.22074, -0.120597, -1.28253, 0.325945, 10
-0.312873, 0.14396, 0.220679, -0.120556, -1.28251, 0.325833, 10.02
-0.312764, 0.143906, 0.220618, -0.120516, -1.28249, 0.32572, 10.04
-0.312654, 0.143852, 0.220556, -0.120475, -1.28247, 0.325608, 10.06
-0.312544, 0.143799, 0.220495, -0.120435, -1.28245, 0.325495, 10.08
-0.312434, 0.143745, 0.220434, -0.120395, -1.28243, 0.325383, 10.1
-0.312324, 0.143691, 0.220372, -0.120354, -1.28241, 0.32527, 10.12
-0.312214, 0.143638, 0.220311, -0.120314, -1.28239, 0.325158, 10.14
-0.312104, 0.143584, 0.22025, -0.120273, -1.28237, 0.325045, 10.16
-0.311994, 0.14353, 0.220189, -0.120233, -1.28235, 0.324933, 10.18
-0.311884, 0.143477, 0.220128, -0.120192, -1.28232, 0.32482, 10.2
-0.311774, 0.143423, 0.220066, -0.120152, -1.2823, 0.324708, 10.22
-0.311664, 0.14337, 0.220005, -0.120112, -1.28228, 0.324595, 10.24
-0.311554, 0.143316, 0.219944, -0.120071, -1.28226, 0.324482, 10.26
-0.311444, 0.143263, 0.219883, -0.120031, -1.28224, 0.32437, 10.28
-0.311334, 0.143209, 0.219822, -0.11999, -1.28222, 0.324257, 10.3
-0.311224, 0.143156, 0.219761, -0.11995, -1.2822, 0.324144, 10.32
-0.311114, 0.143102, 0.2197, -0.119909, -1.28218, 0.324032, 10.34
-0.311004, 0.143049, 0.219639, -0.119869, -1.28216, 0.323919, 10.36
-0.310894, 0.142995, 0.219578, -0.119828, -1.28214, 0.323806, 10.38
-0.310784, 0.142942, 0.219518, -0.119788, -1.28212, 0.323694, 10.4
-0.310674, 0.142889, 0.219457, -0.119747, -1.2821, 0.323581, 10.42
-0.310564, 0.142835, 0.219396, -0.119707, -1.28208, 0.323468, 10.44
-0.310454, 0.142782, 0.219335, -0.119666, -1.28206, 0.323356, 10.46
-0.310344, 0.142729, 0.219274, -0.119626, -1.28204, 0.323243, 10.48
-0.310234, 0.142675, 0.219213, -0.119585, -1.28202, 0.32313, 10.5
-0.310124, 0.142622, 0.219153, -0.119545, -1.282, 0.323017, 10.52
-0.310014, 0.142569, 0.219092, -0.119504, -1.28198, 0.322905, 10.54
-0.309904, 0.142516, 0.219031, -0.119464, -1.28195, 0.322792, 10.56
-0.309794, 0.142462, 0.218971, -0.119423, -1.28193, 0.322679, 10.58
-0.309684, 0.142409, 0.21891, -0.119382, -1.28191, 0.322566, 10.6
-0.309573, 0.142356, 0.218849, -0.119342, -1.28189, 0.322454, 10.62
-0.309463, 0.142303, 0.218789, -0.119301, -1.28187, 0.322341, 10.64
-0.309353, 0.14225, 0.218728, -0.119261, -1.28185, 0.322228, 10.66
-0.309243, 0.142197, 0.218668, -0.11922, -1.28183, 0.322115, 10.68
-0.309133, 0.142143, 0.218607, -0.11918, -1.28181, 0.322002, 10.7
-0.309023, 0.14209, 0.218547, -0.119139, -1.28179, 0.321889, 10.72
-0.308913, 0.142037, 0.218486, -0.119099, -1.28177, 0.321777, 10.74
-0.308802, 0.141984, 0.218426, -0.119058, -1.28175, 0.321664, 10.76
-0.308692, 0.141931, 0.218365, -0.119017, -1.28173, 0.321551, 10.78
-0.308582, 0.141878, 0.218305, -0.118977, -1.28171, 0.321438, 10.8
-0.308472, 0.141825, 0.218245, -0.118936, -1.28169, 0.321325, 10.82
-0.308362, 0.141772, 0.218184, -0.118896, -1.28167, 0.321212, 10.84
-0.308251, 0.141719, 0.218124, -0.118855, -1.28165, 0.321099, 10.86
-0.308141, 0.141666, 0.218064, -0.118814, -1.28163, 0.320986, 10.88
-0.308031, 0.141614, 0.218004, -0.118774, -1.28161, 0.320873, 10.9
-0.307921, 0.141561, 0.217943, -0.118733, -1.28159, 0.32076, 10.92
-0.307811, 0.141508, 0.217883, -0.118692, -1.28157, 0.320647, 10.94
-0.3077, 0.141455, 0.217823, -0.118652, -1.28155, 0.320534, 10.96
-0.30759, 0.141402, 0.217763, -0.118611, -1.28153, 0.320421, 10.98
-0.30748, 0.141349, 0.217703, -0.118571, -1.28151, 0.320308, 11
-0.30737, 0.141297, 0.217643, -0.11853, -1.28149, 0.320195, 11.02
-0.307259, 0.141244, 0.217583, -0.118489, -1.28147, 0.320082, 11.04
-0.307149, 0.141191, 0.217522, -0.118449, -1.28145, 0.319969, 11.06
-0.307039, 0.141138, 0.217462, -0.118408, -1.28143, 0.319856, 11.08
-0.306928, 0.141086, 0.217402, -0.118367, -1.2814, 0.319743, 11.1
-0.306818, 0.141033, 0.217342, -0.118327, -1.28138, 0.31963, 11.12
-0.306708, 0.14098, 0.217283, -0.118286, -1.28136, 0.319517, 11.14
-0.306597, 0.140928, 0.217223, -0.118245, -1.28134, 0.319404, 11.16
-0.306487, 0.140875, 0.217163, -0.118205, -1.28132, 0.319291, 11.18
-0.306377, 0.140823, 0.217103, -0.118164, -1.2813, 0.319178, 11.2
-0.306266, 0.14077, 0.217043, -0.118123, -1.28128, 0.319065, 11.22
-0.306156, 0.140717, 0.216983, -0.118082, -1.28126, 0.318952, 11.24
-0.306046, 0.140665, 0.216923, -0.118042, -1.28124, 0.318839, 11.26
-0.305935, 0.140612, 0.216864, -0.118001, -1.28122, 0.318725, 11.28
-0.305825, 0.14056, 0.216804, -0.11796, -1.2812, 0.318612, 11.3
-0.305715, 0.140507, 0.216744, -0.11792, -1.28118, 0.318499, 11.32
-0.305604, 0.140455, 0.216684, -0.117879, -1.28116, 0.318386, 11.34
-0.305494, 0.140403, 0.216625, -0.117838, -1.28114, 0.318273, 11.36
-0.305383, 0.14035, 0.216565, -0.117797, -1.28112, 0.31816, 11.38
-0.305273, 0.140298, 0.216506, -0.117757, -1.2811, 0.318046, 11.4
-0.305163, 0.140245, 0.216446, -0.117716, -1.28108, 0.317933, 11.42
-0.305052, 0.140193, 0.216386, -0.117675, -1.28106, 0.31782, 11.44
-0.304942, 0.140141, 0.216327, -0.117634, -1.28104, 0.317707, 11.46
-0.304831, 0.140088, 0.216267, -0.117594, -1.28102, 0.317593, 11.48
-0.304721, 0.140036, 0.216208, -0.117553, -1.281, 0.31748, 11.5
-0.30461, 0.139984, 0.216148, -0.117512, -1.28098, 0.317367, 11.52
-0.3045, 0.139932, 0.216089, -0.117471, -1.28096, 0.317254, 11.54
-0.304389, 0.139879, 0.21603, -0.11743, -1.28094, 0.31714, 11.56
-0.304279, 0.139827, 0.21597, -0.11739, -1.28092, 0.317027, 11.58
-0.304168, 0.139775, 0.215911, -0.117349, -1.2809, 0.316914, 11.6
-0.304058, 0.139723, 0.215851, -0.117308, -1.28088, 0.316801, 11.62
-0.303947, 0.139671, 0.215792, -0.117267, -1.28086, 0.316687, 11.64
-0.303837, 0.139619, 0.215733, -0.117227, -1.28084, 0.316574, 11.66
-0.303726, 0.139566, 0.215674, -0.117186, -1.28082, 0.316461, 11.68
-0.303616, 0.139514, 0.215614, -0.117145, -1.2808, 0.316347, 11.7
-0.303505, 0.139462, 0.215555, -0.117104, -1.28078, 0.316234, 11.72
-0.303395, 0.13941, 0.215496, -0.117063, -1.28076, 0.31612, 11.74
-0.303284, 0.139358, 0.215437, -0.117022, -1.28074, 0.316007, 11.76
-0.303174, 0.139306, 0.215378, -0.116982, -1.28072, 0.315894, 11.78
-0.303063, 0.139254, 0.215319, -0.116941, -1.2807, 0.31578, 11.8
-0.302953, 0.139202, 0.215259, -0.1169, -1.28068, 0.315667, 11.82
-0.302842, 0.13915, 0.2152, -0.116859, -1.28066, 0.315553, 11.84
-0.302731, 0.139098, 0.215141, -0.116818, -1.28064, 0.31544, 11.86
-0.302621, 0.139046, 0.215082, -0.116777, -1.28062, 0.315327, 11.88
-0.30251, 0.138994, 0.215023, -0.116736, -1.2806, 0.315213, 11.9
-0.3024, 0.138943, 0.214964, -0.116696, -1.28058, 0.3151, 11.92
-0.302289, 0.138891, 0.214905, -0.116655, -1.28056, 0.314986, 11.94
-0.302178, 0.138839, 0.214847, -0.116614, -1.28054, 0.314873, 11.96
-0.302068, 0.138787, 0.214788, -0.116573, -1.28052, 0.314759, 11.98
-0.301957, 0.138735, 0.214729, -0.116532, -1.2805, 0.314646, 12
-0.301846, 0.138684, 0.21467, -0.116491, -1.28048, 0.314532, 12.02
-0.301736, 0.138632, 0.214611, -0.11645, -1.28046, 0.314419, 12.04
-0.301625, 0.13858, 0.214552, -0.116409, -1.28044, 0.314305, 12.06
-0.301514, 0.138528, 0.214494, -0.116368, -1.28042, 0.314192, 12.08
-0.301404, 0.138477, 0.214435, -0.116328, -1.2804, 0.314078, 12.1
-0.301293, 0.138425, 0.214376, -0.116287, -1.28038, 0.313964, 12.12
-0.301182, 0.138373, 0.214318, -0.116246, -1.28036, 0.313851, 12.14
-0.301072, 0.138322, 0.214259, -0.116205, -1.28034, 0.313737, 12.16
-0.300961, 0.13827, 0.2142, -0.116164, -1.28032, 0.313624, 12.18
-0.30085, 0.138218, 0.214142, -0.116123, -1.28031, 0.31351, 12.2
-0.300739, 0.138167, 0.214083, -0.116082, -1.28029, 0.313396, 12.22
-0.300629, 0.138115, 0.214025, -0.116041, -1.28027, 0.313283, 12.24
-0.300518, 0.138064, 0.213966, -0.116, -1.28025, 0.313169, 12.26
-0.300407, 0.138012, 0.213908, -0.115959, -1.28023, 0.313056, 12.28
-0.300296, 0.137961, 0.213849, -0.115918, -1.28021, 0.312942, 12.3
-0.300186, 0.137909, 0.213791, -0.115877, -1.28019, 0.312828, 12.32
-0.300075, 0.137858, 0.213732, -0.115836, -1.28017, 0.312715, 12.34
-0.299964, 0.137806, 0.213674, -0.115795, -1.28015, 0.312601, 12.36
-0.299853, 0.137755, 0.213615, -0.115754, -1.28013, 0.312487, 12.38
-0.299743, 0.137704, 0.213557, -0.115713, -1.28011, 0.312373, 12.4
-0.299632, 0.137652, 0.213499, -0.115672, -1.28009, 0.31226, 12.42
-0.299521, 0.137601, 0.21344, -0.115631, -1.28007, 0.312146, 12.44
-0.29941, 0.13755, 0.213382, -0.11559, -1.28005, 0.312032, 12.46
-0.299299, 0.137498, 0.213324, -0.115549, -1.28003, 0.311919, 12.48
-0.299188, 0.137447, 0.213266, -0.115508, -1.28001, 0.311805, 12.5
-0.299078, 0.137396, 0.213208, -0.115467, -1.27999, 0.311691, 12.52
-0.298967, 0.137344, 0.213149, -0.115426, -1.27997, 0.311577, 12.54
-0.298856, 0.137293, 0.213091, -0.115385, -1.27995, 0.311463, 12.56
-0.298745, 0.137242, 0.213033, -0.115344, -1.27993, 0.31135, 12.58
-0.298634, 0.137191, 0.212975, -0.115303, -1.27991, 0.311236, 12.6
-0.298523, 0.13714, 0.212917, -0.115262, -1.27989, 0.311122, 12.62
-0.298412, 0.137088, 0.212859, -0.115221, -1.27987, 0.311008, 12.64
-0.298301, 0.137037, 0.212801, -0.11518, -1.27985, 0.310894, 12.66
-0.298191, 0.136986, 0.212743, -0.115139, -1.27983, 0.310781, 12.68
-0.29808, 0.136935, 0.212685, -0.115098, -1.27981, 0.310667, 12.7
-0.297969, 0.136884, 0.212627, -0.115057, -1.27979, 0.310553, 12.72
-0.297858, 0.136833, 0.212569, -0.115016, -1.27978, 0.310439, 12.74
-0.297747, 0.136782, 0.212511, -0.114975, -1.27976, 0.310325, 12.76
-0.297636, 0.136731, 0.212453, -0.114934, -1.27974, 0.310211, 12.78
-0.297525, 0.13668, 0.212395, -0.114893, -1.27972, 0.310097, 12.8
-0.297414, 0.136629, 0.212338, -0.114852, -1.2797, 0.309983, 12.82
-0.297303, 0.136578, 0.21228, -0.11481, -1.27968, 0.309869, 12.84
-0.297192, 0.136527, 0.212222, -0.114769, -1.27966, 0.309755, 12.86
-0.297081, 0.136476, 0.212164, -0.114728, -1.27964, 0.309642, 12.88
-0.29697, 0.136425, 0.212107, -0.114687, -1.27962, 0.309528, 12.9
-0.296859, 0.136374, 0.212049, -0.114646, -1.2796, 0.309414, 12.92
-0.296748, 0.136324, 0.211991, -0.114605, -1.27958, 0.3093, 12.94
-0.296637, 0.136273, 0.211934, -0.114564, -1.27956, 0.309186, 12.96
-0.296526, 0.136222, 0.211876, -0.114523, -1.27954, 0.309072, 12.98
-0.296415, 0.136171, 0.211818, -0.114482, -1.27952, 0.308958, 13
-0.296304, 0.13612, 0.211761, -0.11444, -1.2795, 0.308844, 13.02
-0.296193, 0.13607, 0.211703, -0.114399, -1.27948, 0.30873, 13.04
-0.296082, 0.136019, 0.211646, -0.114358, -1.27946, 0.308616, 13.06
-0.295971, 0.135968, 0.211588, -0.114317, -1.27944, 0.308502, 13.08
-0.29586, 0.135917, 0.211531, -0.114276, -1.27943, 0.308387, 13.1
-0.295749, 0.135867, 0.211473, -0.114235, -1.27941, 0.308273, 13.12
-0.295638, 0.135816, 0.211416, -0.114193, -1.27939, 0.308159, 13.14
-0.295527, 0.135765, 0.211359, -0.114152, -1.27937, 0.308045, 13.16
-0.295416, 0.135715, 0.211301, -0.114111, -1.27935, 0.307931, 13.18
-0.295304, 0.135664, 0.211244, -0.11407, -1.27933, 0.307817, 13.2
-0.295193, 0.135614, 0.211187, -0.114029, -1.27931, 0.307703, 13.22
-0.295082, 0.135563, 0.211129, -0.113988, -1.27929, 0.307589, 13.24
-0.294971, 0.135513, 0.211072, -0.113946, -1.27927, 0.307475, 13.26
-0.29486, 0.135462, 0.211015, -0.113905, -1.27925, 0.307361, 13.28
-0.294749, 0.135412, 0.210958, -0.113864, -1.27923, 0.307246, 13.3
-0.294638, 0.135361, 0.2109, -0.113823, -1.27921, 0.307132, 13.32
-0.294527, 0.135311, 0.210843, -0.113782, -1.27919, 0.307018, 13.34
-0.294415, 0.13526, 0.210786, -0.11374, -1.27917, 0.306904, 13.36
-0.294304, 0.13521, 0.210729, -0.113699, -1.27916, 0.30679, 13.38
-0.294193, 0.135159, 0.210672, -0.113658, -1.27914, 0.306675, 13.4
-0.294082, 0.135109, 0.210615, -0.113617, -1.27912, 0.306561, 13.42
-0.293971, 0.135059, 0.210558, -0.113575, -1.2791, 0.306447, 13.44
-0.29386, 0.135008, 0.210501, -0.113534, -1.27908, 0.306333, 13.46
-0.293748, 0.134958, 0.210444, -0.113493, -1.27906, 0.306219, 13.48
-0.293637, 0.134908, 0.210387, -0.113452, -1.27904, 0.306104, 13.5
-0.293526, 0.134857, 0.21033, -0.11341, -1.27902, 0.30599, 13.52
-0.293415, 0.134807, 0.210273, -0.113369, -1.279, 0.305876, 13.54
-0.293303, 0.134757, 0.210216, -0.113328, -1.27898, 0.305761, 13.56
-0.293192, 0.134707, 0.210159, -0.113287, -1.27896, 0.305647, 13.58
-0.293081, 0.134657, 0.210102, -0.113245, -1.27894, 0.305533, 13.6
-0.29297, 0.134606, 0.210046, -0.113204, -1.27893, 0.305419, 13.62
-0.292858, 0.134556, 0.209989, -0.113163, -1.27891, 0.305304, 13.64
-0.292747, 0.134506, 0.209932, -0.113122, -1.27889, 0.30519, 13.66
-0.292636, 0.134456, 0.209875, -0.11308, -1.27887, 0.305076, 13.68
-0.292525, 0.134406, 0.209819, -0.113039, -1.27885, 0.304961, 13.7
-0.292413, 0.134356, 0.209762, -0.112998, -1.27883, 0.304847, 13.72
-0.292302, 0.134306, 0.209705, -0.112956, -1.27881, 0.304732, 13.74
-0.292191, 0.134256, 0.209649, -0.112915, -1.27879, 0.304618, 13.76
-0.292079, 0.134206, 0.209592, -0.112874, -1.27877, 0.304504, 13.78
-0.291968, 0.134156, 0.209535, -0.112832, -1.27875, 0.304389, 13.8
-0.291857, 0.134106, 0.209479, -0.112791, -1.27873, 0.304275, 13.82
-0.291745, 0.134056, 0.209422, -0.11275, -1.27872, 0.30416, 13.84
-0.291634, 0.134006, 0.209366, -0.112708, -1.2787, 0.304046, 13.86
-0.291523, 0.133956, 0.209309, -0.112667, -1.27868, 0.303932, 13.88
-0.291411, 0.133906, 0.209253, -0.112626, -1.27866, 0.303817, 13.9
-0.2913, 0.133856, 0.209196, -0.112584, -1.27864, 0.303703, 13.92
-0.291189, 0.133806, 0.20914, -0.112543, -1.27862, 0.303588, 13.94
-0.291077, 0.133756, 0.209084, -0.112502, -1.2786, 0.303474, 13.96
-0.290966, 0.133707, 0.209027, -0.11246, -1.27858, 0.303359, 13.98
-0.290854, 0.133657, 0.208971, -0.112419, -1.27856, 0.303245, 14
-0.290743, 0.133607, 0.208915, -0.112378, -1.27854, 0.30313, 14.02
-0.290632, 0.133557, 0.208858, -0.112336, -1.27853, 0.303016, 14.04
-0.29052, 0.133508, 0.208802, -0.112295, -1.27851, 0.302901, 14.06
-0.290409, 0.133458, 0.208746, -0.112253, -1.27849, 0.302787, 14.08
-0.290297, 0.133408, 0.20869, -0.112212, -1.27847, 0.302672, 14.1
-0.290186, 0.133359, 0.208633, -0.112171, -1.27845, 0.302558, 14.12
-0.290074, 0.133309, 0.208577, -0.112129, -1.27843, 0.302443, 14.14
-0.289963, 0.133259, 0.208521, -0.112088, -1.27841, 0.302328, 14.16
-0.289852, 0.13321, 0.208465, -0.112046, -1.27839, 0.302214, 14.18
-0.28974, 0.13316, 0.208409, -0.112005, -1.27837, 0.302099, 14.2
-0.289629, 0.13311, 0.208353, -0.111964, -1.27836, 0.301985, 14.22
-0.289517, 0.133061, 0.208297, -0.111922, -1.27834, 0.30187, 14.24
-0.289406, 0.133011, 0.208241, -0.111881, -1.27832, 0.301755, 14.26
-0.289294, 0.132962, 0.208185, -0.111839, -1.2783, 0.301641, 14.28
-0.289183, 0.132912, 0.208129, -0.111798, -1.27828, 0.301526, 14.3
-0.289071, 0.132863, 0.208073, -0.111756, -1.27826, 0.301411, 14.32
-0.28896, 0.132813, 0.208017, -0.111715, -1.27824, 0.301297, 14.34
-0.288848, 0.132764, 0.207961, -0.111674, -1.27822, 0.301182, 14.36
-0.288736, 0.132715, 0.207905, -0.111632, -1.2782, 0.301067, 14.38
-0.288625, 0.132665, 0.207849, -0.111591, -1.27819, 0.300953, 14.4
-0.288513, 0.132616, 0.207794, -0.111549, -1.27817, 0.300838, 14.42
-0.288402, 0.132566, 0.207738, -0.111508, -1.27815, 0.300723, 14.44
-0.28829, 0.132517, 0.207682, -0.111466, -1.27813, 0.300609, 14.46
-0.288179, 0.132468, 0.207626, -0.111425, -1.27811, 0.300494, 14.48
-0.288067, 0.132418, 0.207571, -0.111383, -1.27809, 0.300379, 14.5
-0.287955, 0.132369, 0.207515, -0.111342, -1.27807, 0.300264, 14.52
-0.287844, 0.13232, 0.207459, -0.1113, -1.27805, 0.30015, 14.54
-0.287732, 0.132271, 0.207404, -0.111259, -1.27804, 0.300035, 14.56
-0.287621, 0.132222, 0.207348, -0.111217, -1.27802, 0.29992, 14.58
-0.287509, 0.132172, 0.207293, -0.111176, -1.278, 0.299805, 14.6
-0.287397, 0.132123, 0.207237, -0.111134, -1.27798, 0.29969, 14.62
-0.287286, 0.132074, 0.207181, -0.111093, -1.27796, 0.299576, 14.64
-0.287174, 0.132025, 0.207126, -0.111051, -1.27794, 0.299461, 14.66
-0.287063, 0.131976, 0.20707, -0.11101, -1.27792, 0.299346, 14.68
-0.286951, 0.131927, 0.207015, -0.110968, -1.27791, 0.299231, 14.7
-0.286839, 0.131878, 0.20696, -0.110927, -1.27789, 0.299116, 14.72
-0.286728, 0.131828, 0.206904, -0.110885, -1.27787, 0.299001, 14.74
-0.286616, 0.131779, 0.206849, -0.110844, -1.27785, 0.298886, 14.76
-0.286504, 0.13173, 0.206793, -0.110802, -1.27783, 0.298772, 14.78
-0.286392, 0.131681, 0.206738, -0.11076, -1.27781, 0.298657, 14.8
-0.286281, 0.131632, 0.206683, -0.110719, -1.27779, 0.298542, 14.82
-0.286169, 0.131584, 0.206627, -0.110677, -1.27777, 0.298427, 14.84
-0.286057, 0.131535, 0.206572, -0.110636, -1.27776, 0.298312, 14.86
-0.285946, 0.131486, 0.206517, -0.110594, -1.27774, 0.298197, 14.88
-0.285834, 0.131437, 0.206462, -0.110553, -1.27772, 0.298082, 14.9
-0.285722, 0.131388, 0.206407, -0.110511, -1.2777, 0.297967, 14.92
-0.28561, 0.131339, 0.206351, -0.110469, -1.27768, 0.297852, 14.94
-0.285499, 0.13129, 0.206296, -0.110428, -1.27766, 0.297737, 14.96
-0.285387, 0.131241, 0.206241, -0.110386, -1.27765, 0.297622, 14.98
-0.285275, 0.131193, 0.206186, -0.110345, -1.27763, 0.297507, 15
-0.285163, 0.131144, 0.206131, -0.110303, -1.27761, 0.297392, 15.02
-0.285052, 0.131095, 0.206076, -0.110261, -1.27759, 0.297277, 15.04
-0.28494, 0.131046, 0.206021, -0.11022, -1.27757, 0.297162, 15.06
-0.284828, 0.130998, 0.205966, -0.110178, -1.27755, 0.297047, 15.08
-0.284716, 0.130949, 0.205911, -0.110136, -1.27753, 0.296932, 15.1
-0.284604, 0.1309, 0.205856, -0.110095, -1.27752, 0.296817, 15.12
-0.284493, 0.130852, 0.205801, -0.110053, -1.2775, 0.296702, 15.14
-0.284381, 0.130803, 0.205746, -0.110012, -1.27748, 0.296587, 15.16
-0.284269, 0.130754, 0.205691, -0.10997, -1.27746, 0.296472, 15.18
-0.284157, 0.130706, 0.205637, -0.109928, -1.27744, 0.296357, 15.2
-0.284045, 0.130657, 0.205582, -0.109887, -1.27742, 0.296242, 15.22
-0.283933, 0.130609, 0.205527, -0.109845, -1.2774, 0.296127, 15.24
-0.283822, 0.13056, 0.205472, -0.109803, -1.27739, 0.296012, 15.26
-0.28371, 0.130512, 0.205417, -0.109762, -1.27737, 0.295896, 15.28
-0.283598, 0.130463, 0.205363, -0.10972, -1.27735, 0.295781, 15.3
-0.283486, 0.130415, 0.205308, -0.109678, -1.27733, 0.295666, 15.32
-0.283374, 0.130366, 0.205253, -0.109637, -1.27731, 0.295551, 15.34
-0.283262, 0.130318, 0.205199, -0.109595, -1.27729, 0.295436, 15.36
-0.28315, 0.130269, 0.205144, -0.109553, -1.27728, 0.295321, 15.38
-0.283038, 0.130221, 0.20509, -0.109512, -1.27726, 0.295206, 15.4
-0.282926, 0.130172, 0.205035, -0.10947, -1.27724, 0.29509, 15.42
-0.282814, 0.130124, 0.20498, -0.109428, -1.27722, 0.294975, 15.44
-0.282703, 0.130076, 0.204926, -0.109386, -1.2772, 0.29486, 15.46
-0.282591, 0.130027, 0.204871, -0.109345, -1.27718, 0.294745, 15.48
-0.282479, 0.129979, 0.204817, -0.109303, -1.27717, 0.294629, 15.5
-0.282367, 0.129931, 0.204763, -0.109261, -1.27715, 0.294514, 15.52
-0.282255, 0.129883, 0.204708, -0.10922, -1.27713, 0.294399, 15.54
-0.282143, 0.129834, 0.204654, -0.109178, -1.27711, 0.294284, 15.56
-0.282031, 0.129786, 0.204599, -0.109136, -1.27709, 0.294168, 15.58
-0.281919, 0.129738, 0.204545, -0.109094, -1.27707, 0.294053, 15.6
-0.281807, 0.12969, 0.204491, -0.109053, -1.27706, 0.293938, 15.62
-0.281695, 0.129642, 0.204436, -0.109011, -1.27704, 0.293823, 15.64
-0.281583, 0.129593, 0.204382, -0.108969, -1.27702, 0.293707, 15.66
-0.281471, 0.129545, 0.204328, -0.108927, -1.277, 0.293592, 15.68
-0.281359, 0.129497, 0.204274, -0.108886, -1.27698, 0.293477, 15.7
-0.281247, 0.129449, 0.204219, -0.108844, -1.27697, 0.293361, 15.72
-0.281135, 0.129401, 0.204165, -0.108802, -1.27695, 0.293246, 15.74
-0.281023, 0.129353, 0.204111, -0.10876, -1.27693, 0.293131, 15.76
-0.280911, 0.129305, 0.204057, -0.108718, -1.27691, 0.293015, 15.78
-0.280799, 0.129257, 0.204003, -0.108677, -1.27689, 0.2929, 15.8
-0.280686, 0.129209, 0.203949, -0.108635, -1.27687, 0.292785, 15.82
-0.280574, 0.129161, 0.203895, -0.108593, -1.27686, 0.292669, 15.84
-0.280462, 0.129113, 0.203841, -0.108551, -1.27684, 0.292554, 15.86
-0.28035, 0.129065, 0.203787, -0.108509, -1.27682, 0.292438, 15.88
-0.280238, 0.129017, 0.203733, -0.108468, -1.2768, 0.292323, 15.9
-0.280126, 0.12897, 0.203679, -0.108426, -1.27678, 0.292208, 15.92
-0.280014, 0.128922, 0.203625, -0.108384, -1.27677, 0.292092, 15.94
-0.279902, 0.128874, 0.203571, -0.108342, -1.27675, 0.291977, 15.96
-0.27979, 0.128826, 0.203517, -0.1083, -1.27673, 0.291861, 15.98
-0.279678, 0.128778, 0.203463, -0.108258, -1.27671, 0.291746, 16
-0.279565, 0.12873, 0.20341, -0.108217, -1.27669, 0.29163, 16.02
-0.279453, 0.128683, 0.203356, -0.108175, -1.27667, 0.291515, 16.04
-0.279341, 0.128635, 0.203302, -0.108133, -1.27666, 0.291399, 16.06
-0.279229, 0.128587, 0.203248, -0.108091, -1.27664, 0.291284, 16.08
-0.279117, 0.12854, 0.203195, -0.108049, -1.27662, 0.291168, 16.1
-0.279005, 0.128492, 0.203141, -0.108007, -1.2766, 0.291053, 16.12
-0.278892, 0.128444, 0.203087, -0.107966, -1.27658, 0.290937, 16.14
-0.27878, 0.128397, 0.203033, -0.107924, -1.27657, 0.290822, 16.16
-0.278668, 0.128349, 0.20298, -0.107882, -1.27655, 0.290706, 16.18
-0.278556, 0.128301, 0.202926, -0.10784, -1.27653, 0.290591, 16.2
-0.278444, 0.128254, 0.202873, -0.107798, -1.27651, 0.290475, 16.22
-0.278331, 0.128206, 0.202819, -0.107756, -1.27649, 0.290359, 16.24
-0.278219, 0.128159, 0.202766, -0.107714, -1.27648, 0.290244, 16.26
-0.278107, 0.128111, 0.202712, -0.107672, -1.27646, 0.290128, 16.28
-0.277995, 0.128064, 0.202659, -0.10763, -1.27644, 0.290013, 16.3
-0.277882, 0.128016, 0.202605, -0.107588, -1.27642, 0.289897, 16.32
-0.27777, 0.127969, 0.202552, -0.107547, -1.2764, 0.289781, 16.34
-0.277658, 0.127921, 0.202498, -0.107505, -1.27639, 0.289666, 16.36
-0.277546, 0.127874, 0.202445, -0.107463, -1.27637, 0.28955, 16.38
-0.277433, 0.127826, 0.202392, -0.107421, -1.27635, 0.289434, 16.4
-0.277321, 0.127779, 0.202338, -0.107379, -1.27633, 0.289319, 16.42
-0.277209, 0.127732, 0.202285, -0.107337, -1.27632, 0.289203, 16.44
-0.277097, 0.127684, 0.202232, -0.107295, -1.2763, 0.289087, 16.46
-0.276984, 0.127637, 0.202178, -0.107253, -1.27628, 0.288972, 16.48
-0.276872, 0.12759, 0.202125, -0.107211, -1.27626, 0.288856, 16.5
-0.27676, 0.127542, 0.202072, -0.107169, -1.27624, 0.28874, 16.52
-0.276647, 0.127495, 0.202019, -0.107127, -1.27623, 0.288625, 16.54
-0.276535, 0.127448, 0.201966, -0.107085, -1.27621, 0.288509, 16.56
-0.276423, 0.127401, 0.201913, -0.107043, -1.27619, 0.288393, 16.58
-0.27631, 0.127354, 0.201859, -0.107001, -1.27617, 0.288277, 16.6
-0.276198, 0.127306, 0.201806, -0.106959, -1.27615, 0.288162, 16.62
-0.276086, 0.127259, 0.201753, -0.106917, -1.27614, 0.288046, 16.64
-0.275973, 0.127212, 0.2017, -0.106875, -1.27612, 0.28793, 16.66
-0.275861, 0.127165, 0.201647, -0.106833, -1.2761, 0.287814, 16.68
-0.275748, 0.127118, 0.201594, -0.106791, -1.27608, 0.287698, 16.7
-0.275636, 0.127071, 0.201541, -0.106749, -1.27607, 0.287583, 16.72
-0.275524, 0.127024, 0.201488, -0.106707, -1.27605, 0.287467, 16.74
-0.275411, 0.126977, 0.201436, -0.106665, -1.27603, 0.287351, 16.76
-0.275299, 0.12693, 0.201383, -0.106623, -1.27601, 0.287235, 16.78
-0.275186, 0.126883, 0.20133, -0.106581, -1.27599, 0.287119, 16.8
-0.275074, 0.126836, 0.201277, -0.106539, -1.27598, 0.287003, 16.82
-0.274962, 0.126789, 0.201224, -0.106497, -1.27596, 0.286888, 16.84
-0.274849, 0.126742, 0.201171, -0.106455, -1.27594, 0.286772, 16.86
-0.274737, 0.126695, 0.201119, -0.106413, -1.27592, 0.286656, 16.88
-0.274624, 0.126648, 0.201066, -0.106371, -1.27591, 0.28654, 16.9
-0.274512, 0.126601, 0.201013, -0.106329, -1.27589, 0.286424, 16.92
-0.274399, 0.126554, 0.20096, -0.106287, -1.27587, 0.286308, 16.94
-0.274287, 0.126507, 0.200908, -0.106245, -1.27585, 0.286192, 16.96
-0.274174, 0.126461, 0.200855, -0.106203, -1.27583, 0.286076, 16.98
-0.274062, 0.126414, 0.200803, -0.106161, -1.27582, 0.28596, 17
-0.273949, 0.126367, 0.20075, -0.106119, -1.2758, 0.285844, 17.02
-0.273837, 0.12632, 0.200697, -0.106077, -1.27578, 0.285728, 17.04
-0.273724, 0.126273, 0.200645, -0.106035, -1.27576, 0.285613, 17.06
-0.273612, 0.126227, 0.200592, -0.105993, -1.27575, 0.285497, 17.08
-0.273499, 0.12618, 0.20054, -0.10595, -1.27573, 0.285381, 17.1
-0.273387, 0.126133, 0.200487, -0.105908, -1.27571, 0.285265, 17.12
-0.273274, 0.126087, 0.200435, -0.105866, -1.27569, 0.285149, 17.14
-0.273162, 0.12604, 0.200383, -0.105824, -1.27568, 0.285033, 17.16
-0.273049, 0.125993, 0.20033, -0.105782, -1.27566, 0.284917, 17.18
-0.272937, 0.125947, 0.200278, -0.10574, -1.27564, 0.284801, 17.2
-0.272824, 0.1259, 0.200225, -0.105698, -1.27562, 0.284684, 17.22
-0.272711, 0.125854, 0.200173, -0.105656, -1.27561, 0.284568, 17.24
-0.272599, 0.125807, 0.200121, -0.105614, -1.27559, 0.284452, 17.26
-0.272486, 0.125761, 0.200069, -0.105571, -1.27557, 0.284336, 17.28
-0.272374, 0.125714, 0.200016, -0.105529, -1.27555, 0.28422, 17.3
-0.272261, 0.125668, 0.199964, -0.105487, -1.27554, 0.284104, 17.32
-0.272149, 0.125621, 0.199912, -0.105445, -1.27552, 0.283988, 17.34
-0.272036, 0.125575, 0.19986, -0.105403, -1.2755, 0.283872, 17.36
-0.271923, 0.125528, 0.199808, -0.105361, -1.27548, 0.283756, 17.38
-0.271811, 0.125482, 0.199755, -0.105319, -1.27547, 0.28364, 17.4
-0.271698, 0.125436, 0.199703, -0.105276, -1.27545, 0.283524, 17.42
-0.271585, 0.125389, 0.199651, -0.105234, -1.27543, 0.283407, 17.44
-0.271473, 0.125343, 0.199599, -0.105192, -1.27541, 0.283291, 17.46
-0.27136, 0.125297, 0.199547, -0.10515, -1.2754, 0.283175, 17.48
-0.271247, 0.12525, 0.199495, -0.105108, -1.27538, 0.283059, 17.5
-0.271135, 0.125204, 0.199443, -0.105066, -1.27536, 0.282943, 17.52
-0.271022, 0.125158, 0.199391, -0.105023, -1.27534, 0.282827, 17.54
-0.270909, 0.125111, 0.199339, -0.104981, -1.27533, 0.28271, 17.56
-0.270797, 0.125065, 0.199287, -0.104939, -1.27531, 0.282594, 17.58
-0.270684, 0.125019, 0.199236, -0.104897, -1.27529, 0.282478, 17.6
-0.270571, 0.124973, 0.199184, -0.104855, -1.27527, 0.282362, 17.62
-0.270459, 0.124927, 0.199132, -0.104812, -1.27526, 0.282246, 17.64
-0.270346, 0.124881, 0.19908, -0.10477, -1.27524, 0.282129, 17.66
-0.270233, 0.124834, 0.199028, -0.104728, -1.27522, 0.282013, 17.68
-0.27012, 0.124788, 0.198977, -0.104686, -1.2752, 0.281897, 17.7
-0.270008, 0.124742, 0.198925, -0.104644, -1.27519, 0.28178, 17.72
-0.269895, 0.124696, 0.198873, -0.104601, -1.27517, 0.281664, 17.74
-0.269782, 0.12465, 0.198821, -0.104559, -1.27515, 0.281548, 17.76
-0.269669, 0.124604, 0.19877, -0.104517, -1.27513, 0.281432, 17.78
-0.269557, 0.124558, 0.198718, -0.104475, -1.27512, 0.281315, 17.8
-0.269444, 0.124512, 0.198667, -0.104432, -1.2751, 0.281199, 17.82
-0.269331, 0.124466, 0.198615, -0.10439, -1.27508, 0.281083, 17.84
-0.269218, 0.12442, 0.198563, -0.104348, -1.27507, 0.280966, 17.86
-0.269105, 0.124374, 0.198512, -0.104306, -1.27505, 0.28085, 17.88
-0.268993, 0.124328, 0.19846, -0.104263, -1.27503, 0.280734, 17.9
-0.26888, 0.124283, 0.198409, -0.104221, -1.27501, 0.280617, 17.92
-0.268767, 0.124237, 0.198357, -0.104179, -1.275, 0.280501, 17.94
-0.268654, 0.124191, 0.198306, -0.104136, -1.27498, 0.280385, 17.96
-0.268541, 0.124145, 0.198255, -0.104094, -1.27496, 0.280268, 17.98
-0.268428, 0.124099, 0.198203, -0.104052, -1.27494, 0.280152, 18
-0.268316, 0.124053, 0.198152, -0.10401, -1.27493, 0.280035, 18.02
-0.268203, 0.124008, 0.198101, -0.103967, -1.27491, 0.279919, 18.04
-0.26809, 0.123962, 0.198049, -0.103925, -1.27489, 0.279802, 18.06
-0.267977, 0.123916, 0.197998, -0.103883, -1.27488, 0.279686, 18.08
-0.267864, 0.123871, 0.197947, -0.10384, -1.27486, 0.27957, 18.1
-0.267751, 0.123825, 0.197895, -0.103798, -1.27484, 0.279453, 18.12
-0.267638, 0.123779, 0.197844, -0.103756, -1.27482, 0.279337, 18.14
-0.267525, 0.123734, 0.197793, -0.103713, -1.27481, 0.27922, 18.16
-0.267413, 0.123688, 0.197742, -0.103671, -1.27479, 0.279104, 18.18
-0.2673, 0.123642, 0.197691, -0.103629, -1.27477, 0.278987, 18.2
-0.267187, 0.123597, 0.19764, -0.103586, -1.27476, 0.278871, 18.22
-0.267074, 0.123551, 0.197589, -0.103544, -1.27474, 0.278754, 18.24
-0.266961, 0.123506, 0.197537, -0.103502, -1.27472, 0.278638, 18.26
-0.266848, 0.12346, 0.197486, -0.103459, -1.2747, 0.278521, 18.28
-0.266735, 0.123415, 0.197435, -0.103417, -1.27469, 0.278405, 18.3
-0.266622, 0.123369, 0.197384, -0.103375, -1.27467, 0.278288, 18.32
-0.266509, 0.123324, 0.197333, -0.103332, -1.27465, 0.278172, 18.34
-0.266396, 0.123278, 0.197282, -0.10329, -1.27464, 0.278055, 18.36
-0.266283, 0.123233, 0.197232, -0.103247, -1.27462, 0.277938, 18.38
-0.26617, 0.123187, 0.197181, -0.103205, -1.2746, 0.277822, 18.4
-0.266057, 0.123142, 0.19713, -0.103163, -1.27458, 0.277705, 18.42
-0.265944, 0.123097, 0.197079, -0.10312, -1.27457, 0.277589, 18.44
-0.265831, 0.123051, 0.197028, -0.103078, -1.27455, 0.277472, 18.46
-0.265718, 0.123006, 0.196977, -0.103036, -1.27453, 0.277355, 18.48
-0.265605, 0.122961, 0.196927, -0.102993, -1.27452, 0.277239, 18.5
-0.265492, 0.122915, 0.196876, -0.102951, -1.2745, 0.277122, 18.52
-0.265379, 0.12287, 0.196825, -0.102908, -1.27448, 0.277005, 18.54
-0.265266, 0.122825, 0.196774, -0.102866, -1.27447, 0.276889, 18.56
-0.265153, 0.12278, 0.196724, -0.102823, -1.27445, 0.276772, 18.58
-0.26504, 0.122734, 0.196673, -0.102781, -1.27443, 0.276655, 18.6
-0.264927, 0.122689, 0.196622, -0.102739, -1.27441, 0.276539, 18.62
-0.264814, 0.122644, 0.196572, -0.102696, -1.2744, 0.276422, 18.64
-0.264701, 0.122599, 0.196521, -0.102654, -1.27438, 0.276305, 18.66
-0.264588, 0.122554, 0.196471, -0.102611, -1.27436, 0.276189, 18.68
-0.264475, 0.122509, 0.19642, -0.102569, -1.27435, 0.276072, 18.7
-0.264362, 0.122464, 0.19637, -0.102526, -1.27433, 0.275955, 18.72
-0.264248, 0.122419, 0.196319, -0.102484, -1.27431, 0.275839, 18.74
-0.264135, 0.122374, 0.196269, -0.102442, -1.2743, 0.275722, 18.76
-0.264022, 0.122329, 0.196218, -0.102399, -1.27428, 0.275605, 18.78
-0.263909, 0.122284, 0.196168, -0.102357, -1.27426, 0.275488, 18.8
-0.263796, 0.122239, 0.196117, -0.102314, -1.27424, 0.275371, 18.82
-0.263683, 0.122194, 0.196067, -0.102272, -1.27423, 0.275255, 18.84
-0.26357, 0.122149, 0.196017, -0.102229, -1.27421, 0.275138, 18.86
-0.263457, 0.122104, 0.195966, -0.102187, -1.27419, 0.275021, 18.88
-0.263343, 0.122059, 0.195916, -0.102144, -1.27418, 0.274904, 18.9
-0.26323, 0.122014, 0.195866, -0.102102, -1.27416, 0.274787, 18.92
-0.263117, 0.121969, 0.195816, -0.102059, -1.27414, 0.274671, 18.94
-0.263004, 0.121924, 0.195765, -0.102017, -1.27413, 0.274554, 18.96
-0.262891, 0.121879, 0.195715, -0.101974, -1.27411, 0.274437, 18.98
-0.262777, 0.121835, 0.195665, -0.101932, -1.27409, 0.27432, 19
-0.262664, 0.12179, 0.195615, -0.101889, -1.27408, 0.274203, 19.02
-0.262551, 0.121745, 0.195565, -0.101847, -1.27406, 0.274086, 19.04
-0.262438, 0.1217, 0.195515, -0.101804, -1.27404, 0.27397, 19.06
-0.262325, 0.121656, 0.195465, -0.101762, -1.27403, 0.273853, 19.08
-0.262211, 0.121611, 0.195415, -0.101719, -1.27401, 0.273736, 19.1
-0.262098, 0.121566, 0.195365, -0.101676, -1.27399, 0.273619, 19.12
-0.261985, 0.121522, 0.195315, -0.101634, -1.27398, 0.273502, 19.14
-0.261872, 0.121477, 0.195265, -0.101591, -1.27396, 0.273385, 19.16
-0.261758, 0.121432, 0.195215, -0.101549, -1.27394, 0.273268, 19.18
-0.261645, 0.121388, 0.195165, -0.101506, -1.27393, 0.273151, 19.2
-0.261532, 0.121343, 0.195115, -0.101464, -1.27391, 0.273034, 19.22
-0.261419, 0.121299, 0.195065, -0.101421, -1.27389, 0.272917, 19.24
-0.261305, 0.121254, 0.195015, -0.101379, -1.27388, 0.2728, 19.26
-0.261192, 0.121209, 0.194965, -0.101336, -1.27386, 0.272683, 19.28
-0.261079, 0.121165, 0.194916, -0.101293, -1.27384, 0.272566, 19.3
-0.260966, 0.121121, 0.194866, -0.101251, -1.27383, 0.272449, 19.32
-0.260852, 0.121076, 0.194816, -0.101208, -1.27381, 0.272332, 19.34
-0.260739, 0.121032, 0.194766, -0.101166, -1.27379, 0.272215, 19.36
-0.260626, 0.120987, 0.194717, -0.101123, -1.27378, 0.272098, 19.38
-0.260512, 0.120943, 0.194667, -0.10108, -1.27376, 0.271981, 19.4
-0.260399, 0.120898, 0.194617, -0.101038, -1.27374, 0.271864, 19.42
-0.260286, 0.120854, 0.194568, -0.100995, -1.27373, 0.271747, 19.44
-0.260172, 0.12081, 0.194518, -0.100953, -1.27371, 0.27163, 19.46
-0.260059, 0.120765, 0.194468, -0.10091, -1.27369, 0.271513, 19.48
-0.259946, 0.120721, 0.194419, -0.100867, -1.27368, 0.271396, 19.5
-0.259832, 0.120677, 0.194369, -0.100825, -1.27366, 0.271279, 19.52
-0.259719, 0.120633, 0.19432, -0.100782, -1.27364, 0.271162, 19.54
-0.259605, 0.120588, 0.19427, -0.100739, -1.27363, 0.271045, 19.56
-0.259492, 0.120544, 0.194221, -0.100697, -1.27361, 0.270927, 19.58
-0.259379, 0.1205, 0.194171, -0.100654, -1.27359, 0.27081, 19.6
-0.259265, 0.120456, 0.194122, -0.100612, -1.27358, 0.270693, 19.62
-0.259152, 0.120412, 0.194073, -0.100569, -1.27356, 0.270576, 19.64
-0.259038, 0.120367, 0.194023, -0.100526, -1.27354, 0.270459, 19.66
-0.258925, 0.120323, 0.193974, -0.100484, -1.27353, 0.270342, 19.68
-0.258812, 0.120279, 0.193925, -0.100441, -1.27351, 0.270225, 19.7
-0.258698, 0.120235, 0.193875, -0.100398, -1.27349, 0.270107, 19.72
-0.258585, 0.120191, 0.193826, -0.100356, -1.27348, 0.26999, 19.74
-0.258471, 0.120147, 0.193777, -0.100313, -1.27346, 0.269873, 19.76
-0.258358, 0.120103, 0.193728, -0.10027, -1.27344, 0.269756, 19.78
-0.258244, 0.120059, 0.193678, -0.100228, -1.27343, 0.269639, 19.8
-0.258131, 0.120015, 0.193629, -0.100185, -1.27341, 0.269521, 19.82
-0.258017, 0.119971, 0.19358, -0.100142, -1.27339, 0.269404, 19.84
-0.257904, 0.119927, 0.193531, -0.100099, -1.27338, 0.269287, 19.86
-0.25779, 0.119883, 0.193482, -0.100057, -1.27336, 0.26917, 19.88
-0.257677, 0.119839, 0.193433, -0.100014, -1.27334, 0.269052, 19.9
-0.257563, 0.119795, 0.193384, -0.0999713, -1.27333, 0.268935, 19.92
-0.25745, 0.119751, 0.193335, -0.0999286, -1.27331, 0.268818, 19.94
-0.257336, 0.119708, 0.193286, -0.0998859, -1.2733, 0.268701, 19.96
-0.257223, 0.119664, 0.193237, -0.0998431, -1.27328, 0.268583, 19.98
-0.257109, 0.11962, 0.193188, -0.0998004, -1.27326, 0.268466, 20
-0.256996, 0.119576, 0.193139, -0.0997577, -1.27325, 0.268349, 20.02
-0.256882, 0.119532, 0.19309, -0.0997149, -1.27323, 0.268231, 20.04
-0.256769, 0.119489, 0.193041, -0.0996722, -1.27321, 0.268114, 20.06
-0.256655, 0.119445, 0.192992, -0.0996294, -1.2732, 0.267997, 20.08
-0.256542, 0.119401, 0.192943, -0.0995867, -1.27318, 0.267879, 20.1
-0.256428, 0.119358, 0.192895, -0.0995439, -1.27316, 0.267762, 20.12
-0.256314, 0.119314, 0.192846, -0.0995011, -1.27315, 0.267645, 20.14
-0.256201, 0.11927, 0.192797, -0.0994584, -1.27313, 0.267527, 20.16
-0.256087, 0.119227, 0.192748, -0.0994156, -1.27312, 0.26741, 20.18
-0.255974, 0.119183, 0.1927, -0.0993728, -1.2731, 0.267293, 20.2
-0.25586, 0.119139, 0.192651, -0.0993301, -1.27308, 0.267175, 20.22
-0.255746, 0.119096, 0.192602, -0.0992873, -1.27307, 0.267058, 20.24
-0.255633, 0.119052, 0.192554, -0.0992445, -1.27305, 0.26694, 20.26
-0.255519, 0.119009, 0.192505, -0.0992017, -1.27303, 0.266823, 20.28
-0.255406, 0.118965, 0.192456, -0.0991589, -1.27302, 0.266705, 20.3
-0.255292, 0.118922, 0.192408, -0.0991161, -1.273, 0.266588, 20.32
-0.255178, 0.118878, 0.192359, -0.0990733, -1.27298, 0.266471, 20.34
-0.255065, 0.118835, 0.192311, -0.0990305, -1.27297, 0.266353, 20.36
-0.254951, 0.118792, 0.192262, -0.0989877, -1.27295, 0.266236, 20.38
-0.254837, 0.118748, 0.192214, -0.0989448, -1.27294, 0.266118, 20.4
-0.254724, 0.118705, 0.192165, -0.098902, -1.27292, 0.266001, 20.42
-0.25461, 0.118661, 0.192117, -0.0988592, -1.2729, 0.265883, 20.44
-0.254496, 0.118618, 0.192069, -0.0988164, -1.27289, 0.265766, 20.46
-0.254383, 0.118575, 0.19202, -0.0987735, -1.27287, 0.265648, 20.48
-0.254269, 0.118531, 0.191972, -0.0987307, -1.27286, 0.265531, 20.5
-0.254155, 0.118488, 0.191924, -0.0986878, -1.27284, 0.265413, 20.52
-0.254041, 0.118445, 0.191875, -0.098645, -1.27282, 0.265296, 20.54
-0.253928, 0.118402, 0.191827, -0.0986021, -1.27281, 0.265178, 20.56
-0.253814, 0.118358, 0.191779, -0.0985593, -1.27279, 0.26506, 20.58
-0.2537, 0.118315, 0.191731, -0.0985164, -1.27277, 0.264943, 20.6
-0.253587, 0.118272, 0.191682, -0.0984735, -1.27276, 0.264825, 20.62
-0.253473, 0.118229, 0.191634, -0.0984307, -1.27274, 0.264708, 20.64
-0.253359, 0.118186, 0.191586, -0.0983878, -1.27273, 0.26459, 20.66
-0.253245, 0.118143, 0.191538, -0.0983449, -1.27271, 0.264473, 20.68
-0.253131, 0.118099, 0.19149, -0.098302, -1.27269, 0.264355, 20.7
-0.253018, 0.118056, 0.191442, -0.0982591, -1.27268, 0.264237, 20.72
-0.252904, 0.118013, 0.191394, -0.0982163, -1.27266, 0.26412, 20.74
-0.25279, 0.11797, 0.191346, -0.0981734, -1.27265, 0.264002, 20.76
-0.252676, 0.117927, 0.191298, -0.0981305, -1.27263, 0.263884, 20.78
-0.252563, 0.117884, 0.19125, -0.0980876, -1.27261, 0.263767, 20.8
-0.252449, 0.117841, 0.191202, -0.0980446, -1.2726, 0.263649, 20.82
-0.252335, 0.117798, 0.191154, -0.0980017, -1.27258, 0.263531, 20.84
-0.252221, 0.117755, 0.191106, -0.0979588, -1.27257, 0.263414, 20.86
-0.252107, 0.117712, 0.191058, -0.0979159, -1.27255, 0.263296, 20.88
-0.251993, 0.11767, 0.19101, -0.097873, -1.27253, 0.263178, 20.9
-0.25188, 0.117627, 0.190962, -0.09783, -1.27252, 0.263061, 20.92
-0.251766, 0.117584, 0.190914, -0.0977871, -1.2725, 0.262943, 20.94
-0.251652, 0.117541, 0.190867, -0.0977442, -1.27248, 0.262825, 20.96
-0.251538, 0.117498, 0.190819, -0.0977012, -1.27247, 0.262708, 20.98
-0.251424, 0.117455, 0.190771, -0.0976583, -1.27245, 0.26259, 21
-0.25131, 0.117413, 0.190723, -0.0976153, -1.27244, 0.262472, 21.02
-0.251196, 0.11737, 0.190676, -0.0975724, -1.27242, 0.262354, 21.04
-0.251083, 0.117327, 0.190628, -0.0975294, -1.2724, 0.262236, 21.06
-0.250969, 0.117284, 0.19058, -0.0974864, -1.27239, 0.262119, 21.08
-0.250855, 0.117242, 0.190533, -0.0974435, -1.27237, 0.262001, 21.1
-0.250741, 0.117199, 0.190485, -0.0974005, -1.27236, 0.261883, 21.12
-0.250627, 0.117156, 0.190438, -0.0973575, -1.27234, 0.261765, 21.14
-0.250513, 0.117114, 0.19039, -0.0973145, -1.27233, 0.261648, 21.16
-0.250399, 0.117071, 0.190342, -0.0972715, -1.27231, 0.26153, 21.18
-0.250285, 0.117028, 0.190295, -0.0972286, -1.27229, 0.261412, 21.2
-0.250171, 0.116986, 0.190247, -0.0971856, -1.27228, 0.261294, 21.22
-0.250057, 0.116943, 0.1902, -0.0971426, -1.27226, 0.261176, 21.24
-0.249943, 0.116901, 0.190153, -0.0970996, -1.27225, 0.261058, 21.26
-0.249829, 0.116858, 0.190105, -0.0970565, -1.27223, 0.260941, 21.28
-0.249715, 0.116816, 0.190058, -0.0970135, -1.27221, 0.260823, 21.3
-0.249601, 0.116773, 0.19001, -0.0969705, -1.2722, 0.260705, 21.32
-0.249487, 0.116731, 0.189963, -0.0969275, -1.27218, 0.260587, 21.34
-0.249373, 0.116688, 0.189916, -0.0968845, -1.27217, 0.260469, 21.36
-0.249259, 0.116646, 0.189868, -0.0968414, -1.27215, 0.260351, 21.38
-0.249145, 0.116603, 0.189821, -0.0967984, -1.27213, 0.260233, 21.4
-0.249031, 0.116561, 0.189774, -0.0967554, -1.27212, 0.260115, 21.42
-0.248917, 0.116519, 0.189727, -0.0967123, -1.2721, 0.259997, 21.44
-0.248803, 0.116476, 0.18968, -0.0966693, -1.27209, 0.259879, 21.46
-0.248689, 0.116434, 0.189632, -0.0966262, -1.27207, 0.259761, 21.48
-0.248575, 0.116392, 0.189585, -0.0965832, -1.27206, 0.259643, 21.5
-0.248461, 0.116349, 0.189538, -0.0965401, -1.27204, 0.259526, 21.52
-0.248347, 0.116307, 0.189491, -0.0964971, -1.27202, 0.259408, 21.54
-0.248233, 0.116265, 0.189444, -0.096454, -1.27201, 0.25929, 21.56
-0.248119, 0.116223, 0.189397, -0.0964109, -1.27199, 0.259172, 21.58
-0.248005, 0.11618, 0.18935, -0.0963678, -1.27198, 0.259054, 21.6
-0.247891, 0.116138, 0.189303, -0.0963248, -1.27196, 0.258936, 21.62
-0.247777, 0.116096, 0.189256, -0.0962817, -1.27195, 0.258818, 21.64
-0.247663, 0.116054, 0.189209, -0.0962386, -1.27193, 0.2587, 21.66
-0.247549, 0.116012, 0.189162, -0.0961955, -1.27191, 0.258582, 21.68
-0.247435, 0.11597, 0.189115, -0.0961524, -1.2719, 0.258463, 21.7
-0.247321, 0.115928, 0.189068, -0.0961093, -1.27188, 0.258345, 21.72
-0.247206, 0.115886, 0.189021, -0.0960662, -1.27187, 0.258227, 21.74
-0.247092, 0.115844, 0.188975, -0.0960231, -1.27185, 0.258109, 21.76
-0.246978, 0.115802, 0.188928, -0.09598, -1.27184, 0.257991, 21.78
-0.246864, 0.11576, 0.188881, -0.0959369, -1.27182, 0.257873, 21.8
-0.24675, 0.115718, 0.188834, -0.0958937, -1.2718, 0.257755, 21.82
-0.246636, 0.115676, 0.188788, -0.0958506, -1.27179, 0.257637, 21.84
-0.246522, 0.115634, 0.188741, -0.0958075, -1.27177, 0.257519, 21.86
-0.246407, 0.115592, 0.188694, -0.0957643, -1.27176, 0.257401, 21.88
-0.246293, 0.11555, 0.188647, -0.0957212, -1.27174, 0.257283, 21.9
-0.246179, 0.115508, 0.188601, -0.0956781, -1.27173, 0.257164, 21.92
-0.246065, 0.115466, 0.188554, -0.0956349, -1.27171, 0.257046, 21.94
-0.245951, 0.115424, 0.188508, -0.0955918, -1.2717, 0.256928, 21.96
-0.245837, 0.115382, 0.188461, -0.0955486, -1.27168, 0.25681, 21.98
-0.245722, 0.115341, 0.188415, -0.0955054, -1.27166, 0.256692, 22
-0.245608, 0.115299, 0.188368, -0.0954623, -1.27165, 0.256574, 22.02
-0.245494, 0.115257, 0.188322, -0.0954191, -1.27163, 0.256455, 22.04
-0.24538, 0.115215, 0.188275, -0.0953759, -1.27162, 0.256337, 22.06
-0.245266, 0.115174, 0.188229, -0.0953328, -1.2716, 0.256219, 22.08
-0.245151, 0.115132, 0.188182, -0.0952896, -1.27159, 0.256101, 22.1
-0.245037, 0.11509, 0.188136, -0.0952464, -1.27157, 0.255983, 22.12
-0.244923, 0.115048, 0.188089, -0.0952032, -1.27156, 0.255864, 22.14
-0.244809, 0.115007, 0.188043, -0.09516, -1.27154, 0.255746, 22.16
-0.244694, 0.114965, 0.187997, -0.0951168, -1.27152, 0.255628, 22.18
-0.24458, 0.114924, 0.18795, -0.0950736, -1.27151, 0.25551, 22.2
-0.244466, 0.114882, 0.187904, -0.0950304, -1.27149, 0.255391, 22.22
-0.244352, 0.11484, 0.187858, -0.0949872, -1.27148, 0.255273, 22.24
-0.244237, 0.114799, 0.187812, -0.094944, -1.27146, 0.255155, 22.26
-0.244123, 0.114757, 0.187765, -0.0949008, -1.27145, 0.255037, 22.28
-0.244009, 0.114716, 0.187719, -0.0948575, -1.27143, 0.254918, 22.3
-0.243894, 0.114674, 0.187673, -0.0948143, -1.27142, 0.2548, 22.32
-0.24378, 0.114633, 0.187627, -0.0947711, -1.2714, 0.254682, 22.34
-0.243666, 0.114591, 0.187581, -0.0947279, -1.27138, 0.254563, 22.36
-0.243551, 0.11455, 0.187535, -0.0946846, -1.27137, 0.254445, 22.38
-0.243437, 0.114509, 0.187489, -0.0946414, -1.27135, 0.254327, 22.4
-0.243323, 0.114467, 0.187443, -0.0945981, -1.27134, 0.254208, 22.42
-0.243208, 0.114426, 0.187397, -0.0945549, -1.27132, 0.25409, 22.44
-0.243094, 0.114385, 0.187351, -0.0945116, -1.27131, 0.253972, 22.46
-0.24298, 0.114343, 0.187305, -0.0944684, -1.27129, 0.253853, 22.48
-0.242865, 0.114302, 0.187259, -0.0944251, -1.27128, 0.253735, 22.5
-0.242751, 0.114261, 0.187213, -0.0943818, -1.27126, 0.253616, 22.52
-0.242637, 0.114219, 0.187167, -0.0943385, -1.27125, 0.253498, 22.54
-0.242522, 0.114178, 0.187121, -0.0942953, -1.27123, 0.25338, 22.56
-0.242408, 0.114137, 0.187075, -0.094252, -1.27122, 0.253261, 22.58
-0.242293, 0.114096, 0.187029, -0.0942087, -1.2712, 0.253143, 22.6
-0.242179, 0.114055, 0.186984, -0.0941654, -1.27118, 0.253024, 22.62
-0.242065, 0.114013, 0.186938, -0.0941221, -1.27117, 0.252906, 22.64
-0.24195, 0.113972, 0.186892, -0.0940788, -1.27115, 0.252788, 22.66
-0.241836, 0.113931, 0.186846, -0.0940355, -1.27114, 0.252669, 22.68
-0.241721, 0.11389, 0.186801, -0.0939922, -1.27112, 0.252551, 22.7
-0.241607, 0.113849, 0.186755, -0.0939489, -1.27111, 0.252432, 22.72
-0.241493, 0.113808, 0.186709, -0.0939056, -1.27109, 0.252314, 22.74
-0.241378, 0.113767, 0.186664, -0.0938623, -1.27108, 0.252195, 22.76
-0.241264, 0.113726, 0.186618, -0.0938189, -1.27106, 0.252077, 22.78
-0.241149, 0.113685, 0.186572, -0.0937756, -1.27105, 0.251958, 22.8
-0.241035, 0.113644, 0.186527, -0.0937323, -1.27103, 0.25184, 22.82
-0.24092, 0.113603, 0.186481, -0.093689, -1.27102, 0.251721, 22.84
-0.240806, 0.113562, 0.186436, -0.0936456, -1.271, 0.251603, 22.86
-0.240691, 0.113521, 0.18639, -0.0936023, -1.27099, 0.251484, 22.88
-0.240577, 0.11348, 0.186345, -0.0935589, -1.27097, 0.251366, 22.9
-0.240462, 0.113439, 0.186299, -0.0935156, -1.27096, 0.251247, 22.92
-0.240348, 0.113398, 0.186254, -0.0934722, -1.27094, 0.251128, 22.94
-0.240233, 0.113357, 0.186209, -0.0934289, -1.27093, 0.25101, 22.96
-0.240119, 0.113317, 0.186163, -0.0933855, -1.27091, 0.250891, 22.98
-0.240004, 0.113276, 0.186118, -0.0933421, -1.2709, 0.250773, 23
-0.23989, 0.113235, 0.186073, -0.0932987, -1.27088, 0.250654, 23.02
-0.239775, 0.113194, 0.186027, -0.0932554, -1.27087, 0.250535, 23.04
-0.239661, 0.113154, 0.185982, -0.093212, -1.27085, 0.250417, 23.06
-0.239546, 0.113113, 0.185937, -0.0931686, -1.27083, 0.250298, 23.08
0, 0, 0, 0, 0, 0, 25.6217
